,Mono,others,delta,log2fc,A,p-val,p-adj,p-adj-log,is_significant
Spp1,-1.3608495121596966,-2.641841366894266,1.2809918547345693,-0.9570816419719727,,8.445731618333351e-08,1.8450273446377477e-05,4.7339971928993485,True
Prtn3,3.6365422263261005,2.442125087802059,1.1944171385240416,0.5736748100287924,2.0141173204679084,6.137688163579519e-10,1.8413064490738558e-06,5.734873925745786,True
Ms4a3,3.459762239489806,2.4798561044070797,0.9799061350827265,0.47970077259007315,1.9890696589298174,8.107925323305533e-08,1.8450273446377477e-05,4.7339971928993485,True
Ctsg,4.558106023130362,3.7633344441544825,0.7947715789758796,0.2759960342158779,2.367572423205438,0.00012136642781579111,0.0027869877948815455,2.5548649331981426,True
Ifitm1,0.30423511710047585,-0.4332970890168047,0.7375322061172805,,-0.09623822766238939,4.176204583981029e-09,4.176204583981029e-06,5.379218234259213,True
CellTag.UTR,2.2151124086073506,1.4942914506613043,0.7208209579460463,0.566687345167332,1.5133401161352737,1.9060827637384692e-07,3.013955076304049e-05,4.52086322523262,True
Slpi,1.4293185059110014,0.8227071682231403,0.6066113376878611,0.7944561831351118,1.0881503080247514,1.8225614887074735e-05,0.0007820403929080699,3.1067708147610777,True
Fth1,-3.296885118053825,-3.8843396707792217,0.5874545527253967,-0.23629232766219074,,2.673272740687313e-06,0.0002050740932139293,3.6880892001137338,True
Hp,-0.2952097283127317,-0.878089533553978,0.5828798052412463,-1.5745911845799052,-1.2745629199602233,1.619808157755667e-08,5.505597983498499e-06,5.259195503789484,True
Dmkn,0.1788772888106373,-0.3923239304457363,0.5712012192563736,,-0.16282099696466693,1.6020118867768444e-06,0.00015018861438532917,3.8233629894160455,True
F13a1,-1.6267812828224786,-2.0976885658202704,0.47090728299779183,-0.36635590044914074,,0.00010563737565054323,0.002597640384849424,2.5854209724645463,True
Ifitm3,0.43106864752109386,-0.03634500230357761,0.4674136498246715,,0.259859176346267,1.017868706736877e-08,5.505597983498499e-06,5.259195503789484,True
Hspd1,2.394150858110185,1.928099147284732,0.46605171082545294,0.3114855143551169,1.660438085924474,0.00029442970299796634,0.005135401796476157,2.289425571313858,True
Clec5a,0.06379715160683402,-0.34161513039454483,0.40541228200137885,,-0.21576236758906842,1.179546004386144e-08,5.505597983498499e-06,5.259195503789484,True
Emb,0.1178375445504233,-0.28658866061249977,0.40442620516292305,,-0.12717211972120387,1.9539065731582423e-09,2.9308598597373637e-06,5.533004947033351,True
Cebpb,-0.48244181797255875,-0.8262515874633263,0.3438097694907675,-0.7759419544981259,-1.5326024069110566,3.0014441247461985e-06,0.000209403078470665,3.6790169379723867,True
Ftl1,-1.9701590761070684,-2.3136843350077667,0.3435252589006983,-0.2314182019666302,,0.000452256345291933,0.006618385540857557,2.179247937479883,True
Ptma,2.301260051849052,1.9632022211285944,0.33805783072045736,0.22841874756122899,1.6471906772401976,0.000581744646196081,0.00796910474241207,2.0985904649613416,True
Npm1,1.9558994677308075,1.6248029926330565,0.331096475097751,0.26658388076564654,1.480446729993265,0.0028183231196965814,0.025238714504745505,1.5979327689886385,True
Gapdh,-0.05769121622754752,-0.3874168940487981,0.32972567782125056,-2.767080624116332,-0.3631857254844192,1.3458800374882941e-08,5.505597983498499e-06,5.259195503789484,True
Mgst1,-0.29325520730623633,-0.5976373766626198,0.3043821693563835,-1.0275657695334535,-0.8506009040486918,5.782743904359689e-05,0.001700807030694026,2.7693449575566036,True
Mmp8,-2.193479405302069,-2.488404581205027,0.29492517590295764,-0.18154578684925135,,0.0015159492373927799,0.015468869769314079,1.8105414168036567,True
Tpd52,-0.4730889707490414,-0.7627448981524959,0.2896559274034545,-0.6885769611740821,-1.3880417780177678,1.9088382149925643e-07,3.013955076304049e-05,4.52086322523262,True
H2afy,1.3214035621758993,1.035424375958946,0.2859791862169532,0.35023593835154027,1.1232781387979092,0.0019846352838495695,0.01945720866519186,1.710919463566936,True
Mt1,-0.0872965437184576,-0.3638952104873504,0.2765986667688928,-2.0694176056899383,-0.36884146140274654,0.0001398146675072631,0.0030841470773660977,2.510864919413089,True
Ran,1.5921324063734776,1.3196319276258033,0.27250047874767436,0.269611800951368,1.2962413419933414,0.0006209583654659424,0.008279444872879231,2.081998781177376,True
Eif5a,1.1065712894912816,0.8362192966025972,0.2703519928886844,0.40209495708622023,0.9792170864469999,4.0031338322617057e-05,0.0013053697279114258,2.8842664630001345,True
Bnip3,-0.01774349137335761,-0.2852962183139091,0.2675527269405515,-4.086939466253771,-0.23704719448252595,5.141704168073672e-06,0.00030245318635727477,3.5193418358215585,True
Ccl3,-0.35460526460600883,-0.6191895467345008,0.26458428212849194,-0.8038715832348869,-0.9626807748400144,0.00027193764265034823,0.004842398852003202,2.314939442054519,True
Gm26917,-0.14161376915167484,-0.40590628910258664,0.2642925199509118,-1.523031514190557,-0.461481759360738,0.0011414657802022775,0.012825458204519972,1.8919271102598196,True
Hsd17b10,0.0113669111105442,-0.2477852943420118,0.259152205452556,,-0.1814916562275895,1.363662929411066e-06,0.00013196738026558704,3.8795334045620358,True
Ccr2,-0.6879272400932721,-0.9402848457181454,0.2523576056248733,-0.450021911499696,-2.4274482219500184,1.5397128068510883e-08,5.505597983498499e-06,5.259195503789484,True
Mif,0.773597353226667,0.5220248195311001,0.25157253369556687,0.5639473124544011,0.7205508539490946,3.6709127358226975e-05,0.0012514475235759195,2.9025873567622926,True
C1qbp,1.327093698530264,1.0756118528158778,0.25148184571438614,0.30159856468119767,1.1383903614636561,0.0008770835527459589,0.010668221953799161,1.9719079573327924,True
Pgk1,-0.12257164192917132,-0.3729779959607093,0.250406354031538,-1.6103929713302831,-0.41076349287607344,3.266736964614729e-06,0.0002177824643076486,3.6619770922616945,True
Mapkapk2,0.4464589849309918,0.205454069304029,0.24100491562696277,1.109198713783301,0.4070334759481558,5.686758036267462e-07,6.824109643520955e-05,4.165954003939949,True
Fam162a,-0.016434889859334424,-0.2567740774499002,0.2403391875905658,-4.0517872511464,-0.21190649405356995,8.75590474282247e-05,0.00224510378021089,2.648763578878389,True
Fkbp4,1.2002518624744798,0.9611967352854605,0.23905512718901933,0.3187238839901706,1.0570858170727309,0.0025592539059841493,0.02369679542577916,1.6253103806987623,True
Plac8,1.5007348199432324,1.2617581029143388,0.23897671702889367,0.24897982954210662,1.25171694873911,0.004235406708870712,0.033973850605914804,1.468855227279872,True
Ccl2,-1.0852248911975848,-1.3195491237742631,0.23432423257667834,-0.28128980675811643,,8.175478414538383e-05,0.002132733499444796,2.6710634094129753,True
Il6st,0.030899845875966694,-0.20247993759073682,0.23337978346670352,,-0.12940256744179965,1.6516793950495496e-08,5.505597983498499e-06,5.259195503789484,True
Slc7a11,-0.637981996285648,-0.8645946610797449,0.22661266479409692,-0.4375954491732912,-2.007453884250494,0.001607986134208629,0.016297156765628,1.7878881568662983,True
Ybx1,0.8502981613787698,0.6242587286721321,0.22603943270663773,0.44302935041958785,0.796829002789358,3.472944736932536e-05,0.0012114923500927452,2.9166793238483875,True
Cacybp,1.1535873842490383,0.9281960467213143,0.225391337527724,0.31186181789198536,1.0291996386779196,0.002976716728424306,0.026400161166996006,1.5783934218527682,True
Tgfbi,-1.9396928982097121,-2.1650779598785275,0.22538506166881533,-0.15805566942575858,,0.0003808760369039317,0.006077809099530825,2.2162529449803885,True
Nt5dc2,0.04533392399212514,-0.17533259616610677,0.2206665201582319,,-0.0969607054767502,0.00010436462870445608,0.0025875527777964318,2.5871107832270077,True
Aldoa,-0.19050941839624602,-0.4107370032092101,0.22022758481296406,-1.1094588533200134,-0.5158581779847763,2.3290205659387593e-05,0.0009316082263755037,3.030766685172014,True
Pgam1,0.19537124280899257,-0.02251904953322379,0.21789029234221635,,0.11959003955341382,2.2446813492660164e-07,3.2066876418085946e-05,4.493943341925528,True
Stc2,0.37951677719705046,0.1618154524838371,0.21770132471321335,1.2161652134951753,0.34558499199170795,2.299498033278956e-06,0.00019709983142391052,3.705313747164985,True
Ccl4,-0.7990070115045289,-1.0135678034396316,0.2145607919351027,-0.3422516075821583,-3.415613268283752,4.4835246553398115e-06,0.0002690114793203887,3.570229187287071,True
Jun,-0.29195804866501596,-0.5055278869994109,0.2135698383343949,-0.7916223453816457,-0.7339462324674457,1.8247609167854967e-05,0.0007820403929080699,3.1067708147610777,True
Vcan,-1.1339923143577766,-1.347363755185904,0.2133714408281273,-0.24795113046063608,,0.0027007554631818522,0.024552322392562293,1.6099074218884055,True
Cct8,0.773545410837025,0.5603400007814068,0.21320541005561822,0.46204304589196393,0.7372045185622349,0.0003887139990215682,0.0061015342339924335,2.214560947681377,True
Hspa5,0.5267008037545314,0.3153402147620222,0.21136058899250926,0.7338892805919432,0.5069273768127022,0.0005697593054659394,0.007848506175314483,2.1052129956819994,True
Npm3,0.9495115106773819,0.7382020141927937,0.2113094964845882,0.36089577376107884,0.8827265862710728,0.0007396759631029244,0.009332732576038933,2.0299911784462057,True
Egln3,0.31803527845189095,0.10882826838385451,0.20920701006803644,1.525719952555829,0.27909299359921275,3.4486719263361085e-05,0.0012114923500927452,2.9166793238483875,True
Odc1,1.219465325262591,1.0134299642760105,0.2060353609865806,0.26542681299212795,1.0816448006970025,0.005253928265618575,0.03950322004224492,1.4033675021056704,True
Ldha,0.6080932558728316,0.4051236833846438,0.2029695724881878,0.5813687869437644,0.5913045447956773,2.7485230324033827e-05,0.0010380172226052092,2.983795440687604,True
BC035044,0.7026460731137814,0.5028177167518223,0.19982835636195906,0.4792369930743183,0.680533111580716,0.0003341077604941478,0.005597766467302159,2.251985223782967,True
Fabp5,-0.931045808467021,-1.1287798693379232,0.19773406087090217,-0.276945195539418,,4.473430124977626e-05,0.0014241151329203777,2.8464548986410474,True
Adora2b,-0.08807571251078593,-0.285632286110345,0.19755657359955908,-1.704888838515717,-0.2984136828579941,1.98802526293312e-06,0.00018072956935755638,3.7429707862424335,True
Chchd4,0.817454359633814,0.6208746311846994,0.19657972844911453,0.39408875747140415,0.7817075933076512,0.0008783502741961309,0.010668221953799161,1.9719079573327924,True
Anxa2,-0.7568737514416638,-0.9532412260429958,0.19636747460133197,-0.33180521499695975,-2.7864472992632936,0.0006115341375658937,0.008263974831971537,2.0828110141351597,True
Rbms1,-0.25269127111089523,-0.44441803216649933,0.1917267610556041,-0.8141732805024557,-0.6182839428864736,1.4160722492149161e-05,0.0006850998081484149,3.1642461540980396,True
Slc16a3,-0.039288177097398416,-0.23026235931020336,0.19097418221280493,-2.5784738978605324,-0.2088531906487576,1.5776500549879235e-07,2.7840883323316294e-05,4.555316989738335,True
Tfec,-0.10047090306243497,-0.2906672939696751,0.19019639090724014,-1.5381197771609791,-0.31395959235728094,0.0007403967843657554,0.009332732576038933,2.0299911784462057,True
Ffar2,-0.16720869834566368,-0.35657786875252506,0.18936917040686138,-1.0937400515463813,-0.4380986767532538,6.289820044037935e-05,0.0018319864205935733,2.7370777498183516,True
Sell,-0.2813513043433805,-0.47049736237359024,0.18914605803020973,-0.7411806535461148,-0.6802071342768145,0.00441977557676135,0.034860038040343225,1.4576721433103017,True
Gclm,0.2568883250823787,0.06784931554810295,0.18903900953427574,1.8848366855320366,0.2170679093739219,0.0017365926462513056,0.017365926462513056,1.7603020423662252,True
Pgp,0.5664543001849769,0.3789531955102476,0.1875011046747293,0.5750759380098881,0.5584672440216176,0.00044322701998250483,0.006518044411507423,2.1858826847412494,True
Ctsz,-0.5058971651669383,-0.6924641378401524,0.1865669726732141,-0.45178540200858724,-1.3189759423768557,0.00014727086183381196,0.003178507809362848,2.497776717202212,True
Cebpd,-0.005172377864873502,-0.1908805260826967,0.1857081482178232,-5.525911582764442,-0.14884297037675281,0.000778413370596743,0.009689792994980203,2.0136855007715364,True
Il4ra,-0.08655878783119544,-0.27225827894110793,0.1856994911099125,-1.6605816671176883,-0.2852639432621967,2.519899661821248e-06,0.0002043161887963174,3.689697221099484,True
Ap3s1,0.40779100366385984,0.22245242455658062,0.18533857910727922,0.8652112369994447,0.3951963266790047,0.0005907410839018545,0.008055560235025289,2.093904250586874,True
Thy1,0.589229393907138,0.40404294569371485,0.18518644821342317,0.5398217739702894,0.581723546833716,0.00017689452647820088,0.0035856998610446127,2.445426065623629,True
Fam136a,0.6508605844250438,0.46603708915250264,0.18482349527254116,0.4781020529276024,0.6401107926772862,0.001181964983515436,0.013084483212348,1.8832434256765838,True
Sod2,-0.15336997067658273,-0.3351752738712815,0.18180530319469876,-1.1293937255994235,-0.4040622066525027,0.0009511444809831254,0.01117290688836979,1.9518338204978953,True
Dbi,0.03593240515937779,-0.14553365583811623,0.18146606099749402,,-0.08130942005540082,4.50969792091453e-05,0.0014241151329203777,2.8464548986410474,True
Cct7,0.7616693248306373,0.5814475777765786,0.1802217470540587,0.38659264761117146,0.7411938042113407,0.003551888043128484,0.02993164081288048,1.5238694750593178,True
Itga1,-0.3316214964603939,-0.5113515001412833,0.17973000368088937,-0.6237994733873456,-0.7895774646693465,6.565433985673756e-06,0.0003732747765278528,3.427971355867624,True
P4hb,0.051687161352242536,-0.1239431462817011,0.17563030763394363,,-0.05308651103969034,0.0009211159424950728,0.011097782439699671,1.9547637933229027,True
Ifitm6,-1.0054646938608762,-1.1803075488679573,0.17484285500708108,-0.23039408627554267,,0.0012027087132126953,0.013151318969170787,1.8810306888238741,True
Cycs,1.0177428356928724,0.843942184809077,0.17380065088379537,0.2682622622727622,0.9492304952332187,0.003384685917812749,0.028871656768434974,1.539528293890526,True
Ddx39,0.8039792775144092,0.6302192362031962,0.17376004131121303,0.3486574690041061,0.7799734366837453,0.004953017638907655,0.037905747236538175,1.421294937686677,True
Cst7,0.5759656962036501,0.4025122739302151,0.17345342227343502,0.5124844942902028,0.5745752884431852,0.00031506056814839794,0.00534276503999772,2.272233924465079,True
Milr1,0.006227832976715134,-0.1670732704657437,0.17330110344245883,,-0.12095727109412421,0.000246117639800088,0.004557734070372,2.3412510181506505,True
Pou2f2,0.1268342180373059,-0.04403883910275832,0.17087305714006423,,0.05852111095948298,0.00037913297170840934,0.006077809099530825,2.2162529449803885,True
Lman1,0.5914431834679853,0.423636384049246,0.16780679941873933,0.47723298511762796,0.5921960751428873,0.0009529656029449243,0.01117290688836979,1.9518338204978953,True
Nme1,0.8923626750765006,0.7248593803689509,0.16750329470754965,0.29768751599008864,0.8548821654409126,0.003075609488699849,0.026979030602630252,1.5689736592412835,True
Dram1,-0.25226102899823566,-0.41921100241903514,0.16694997342079948,-0.7320092717481665,-0.5901713997885399,0.004139721278693497,0.03338484902172175,1.4764505834616921,True
Hmox1,-0.8330761555706703,-0.9995464210285196,0.16647026545784938,-0.26179491188766985,-3.578823150895534,0.004986125997382776,0.03806203051437234,1.4195080469038355,True
Med21,0.3499601254716577,0.18352848550420406,0.16643163996745367,0.9199663080157092,0.34112534339545525,0.00011757667492333341,0.002735838590896282,2.5629095287175967,True
Fcor,-0.22651293239768014,-0.39275962941493636,0.16624669701725622,-0.7935380943902507,-0.5345714467942577,0.0020733520934590292,0.02012963197533038,1.6961641651284485,True
Mt2,-0.22199886736567384,-0.38661333188810004,0.1646144645224262,-0.7998461713451466,-0.5234754232264729,0.001146321913307055,0.01283196171612375,1.8917069447660373,True
Timm13,0.6284334040859293,0.46435505591055476,0.16407834817537453,0.4327922080778141,0.6289081595988969,0.0014724546964875245,0.015179945324613654,1.818729792687004,True
Nfil3,0.04220681992255516,-0.12182778694536638,0.16403460686792154,,-0.058608910393127114,4.253379528009549e-06,0.0002604109915107887,3.5843406888759652,True
Tmem97,0.7064349447464334,0.5435172419490453,0.16291770279738815,0.37512147361402887,0.7004184933642502,0.0018814137567376862,0.018689540629844563,1.728401373012576,True
Tspo,-0.4366813363400687,-0.5987863774740803,0.16210504113401153,-0.4541829128909126,-1.0520985638803484,0.005705771686322423,0.04205728515716774,1.3761587649191855,True
Fdps,0.21661067900247682,0.054514966517669294,0.16209571248480753,1.9455281049743796,0.18340752249331757,0.0009910177548365278,0.011478970133241635,1.9400970740907864,True
Bmx,-0.015854435241617393,-0.17771383528461146,0.16185940004299407,-3.571365756534592,-0.14685726801447102,0.000681401698692141,0.008965811824896593,2.047410380378396,True
Lrrc59,0.5505712762244823,0.39288133990237356,0.15768993632210876,0.48231895953788534,0.5575094032480673,0.0024052491343203287,0.022762610103977874,1.642777940486013,True
Adssl1,-0.10191932776375359,-0.25922497632355035,0.15730564855979676,-1.3508716309736017,-0.28731117177157783,0.000198256509368038,0.0038621397928838568,2.4131720106759116,True
Idh2,0.7369057240649345,0.5807208210148873,0.15618490305004717,0.3407742883682462,0.7301514957317863,0.0027462683896197896,0.024741156663241348,1.6065800007165671,True
Cxcr2,-0.06464033793207168,-0.22067978297854368,0.156039445046472,-1.7824613945042005,-0.22206074136208384,0.0002340260733145747,0.004383709961556467,2.3581581877039963,True
Kcnj2,-0.05134183766573903,-0.20676777512181008,0.15542593745607106,-2.0262513476604127,-0.19934615838269362,0.00044099612890872227,0.006518044411507423,2.1858826847412494,True
Ppa1,0.916618095834033,0.7612019438099914,0.15541615202404158,0.26594370302163467,0.8788508885956966,0.006119573124783972,0.04381555936599503,1.35837163956784,True
Hsp90b1,0.5604456150122663,0.40751658928059753,0.15292902573166878,0.4554118554455733,0.5694727199821517,0.005414963518889243,0.040410175514098826,1.3935092632757613,True
Eif4ebp1,0.10031183127910243,-0.052434360152183696,0.15274619143128612,,0.03412939840150107,0.00313228922443385,0.027237297603772605,1.564835983910123,True
Lcn2,-1.0631690367217357,-1.2146429767010098,0.15147393997927416,-0.19124058261563534,,0.00011099817840788346,0.0026639562817892034,2.5744729066539516,True
Glrx,-0.26107788461075,-0.4094000965337627,0.1483222119230127,-0.6479073809636536,-0.5890923294380667,0.0012347450777515203,0.01324182510800188,1.8780521523806413,True
Zeb2,-0.8718760980251525,-1.0194780678662858,0.14760196984113327,-0.2245791877095617,-4.202295237681951,0.003630486194782935,0.030338324747489705,1.5180084042021567,True
Aprt,0.1253252438945405,-0.01964583287514786,0.14497107676968835,,0.0742858032490252,0.0070009454072653445,0.047517729008588305,1.3231443235530949,True
Hcar2,-0.3654707428838174,-0.5102033612952531,0.1447326184114357,-0.4798917416190883,-0.8309397258852042,2.0334047253610888e-05,0.0008591850952229953,3.0659132655348276,True
Atp8b4,0.12831849847679924,-0.01533078350773908,0.14364928198453833,,0.07928437938608754,0.006707883739761395,0.04647494507917825,1.3327811147744375,True
Nlrp3,-0.3978814374563923,-0.5402860400220239,0.14240460256563153,-0.43993016786424666,-0.9134437649137113,2.3000432747609086e-05,0.0009316082263755037,3.030766685172014,True
Slc39a4,-0.07590032119031279,-0.21731306840742554,0.14141274721711275,-1.5247981088428382,-0.22871730212548047,7.546410580315943e-05,0.0020769937377016355,2.682564812894715,True
Esd,-0.4896406832400465,-0.630599086412211,0.14095840317216446,-0.3635816229387872,-1.1848177093439203,0.0060946496097530264,0.04374150437621789,1.3591062846030229,True
Cybb,-1.0209043119221282,-1.1613198042826285,0.14041549236050033,-0.1849480025072917,,0.000943892182190436,0.01117290688836979,1.9518338204978953,True
Pmvk,-0.32693927125026456,-0.4673088222510058,0.14036955100074122,-0.5139083360042312,-0.7300669087522851,0.0021024629422520887,0.020346415570181502,1.6915120893972235,True
Ncf4,-0.5834640042878351,-0.7226976131840067,0.13923360889617165,-0.3074059001399301,-1.5273284434366414,0.0012359036767468422,0.01324182510800188,1.8780521523806413,True
Tmem38b,-0.19984339233196016,-0.33735055104896333,0.13750715871700317,-0.7545668148002721,-0.45126149484452005,0.003935747076248632,0.032260221936464197,1.4913326491773677,True
Selplg,-0.2615036948337776,-0.3970901130651847,0.1355864182314071,-0.6012820328814489,-0.5762538331561082,0.00699531116908576,0.047517729008588305,1.3231443235530949,True
Selenbp1,-0.30532450067029876,-0.43964355884503903,0.13431905817474027,-0.5244917753422687,-0.6722759188578576,0.0035473131928947335,0.02993164081288048,1.5238694750593178,True
AC163720.3,0.19547098794866866,0.06617198587538253,0.12929900207328612,1.5276010355341894,0.17737120141129142,0.00702352313708271,0.047563362102140246,1.322727454078588,True
Anxa3,0.15801786094511194,0.03000073460870237,0.12801712633640958,2.313673682317767,0.12962499937327954,0.0003363469663210127,0.005597766467302159,2.251985223782967,True
Ifitm2,-0.07511610642741746,-0.20061480911636612,0.12549870268894864,-1.4235351156104867,-0.21401506517985053,0.004192634889480546,0.03372092404407946,1.472100533046517,True
Klf2,-0.5484643532540763,-0.6716377990117341,0.12317344575765787,-0.29080821844767824,-1.3586429250388314,0.003542743704107314,0.02993164081288048,1.5238694750593178,True
Tctex1d1,0.2815631230545633,0.1596279646014742,0.12193515845308914,0.8062688353498084,0.2875852285167694,1.0199399191435022e-06,0.00010927927705108952,3.9614621867752904,True
Irf8,-0.3153357629604679,-0.4359696046164303,0.12063384165596241,-0.46562248489378966,-0.6795792901901241,5.753191735382115e-05,0.001700807030694026,2.7693449575566036,True
Mtus1,-0.05044891240590821,-0.16968545287012102,0.11923654046421281,-1.7638770955752037,-0.16823166635562103,8.712147924967805e-05,0.00224510378021089,2.648763578878389,True
Ccl9,-0.8160137598467009,-0.9322815377678434,0.11626777792114251,-0.1909721371404487,-2.9901959254889623,0.006978432880150444,0.047517729008588305,1.3231443235530949,True
Arid5b,-0.194323093330516,-0.30964203810231306,0.11531894477179705,-0.6707832562365608,-0.41885619902398125,0.000750922275888761,0.009386528448609512,2.0274949992547167,True
Tcf7l2,-0.4103171071397154,-0.5243312002784982,0.1140140931387828,-0.3520031033168702,-0.9086702302195291,0.00018748909513213694,0.0037497819026427385,2.425993991267818,True
AI839979,-0.08053054126171279,-0.1941181754960462,0.11358763423433342,-1.2737372550616715,-0.21310987405349202,0.0005002851025090145,0.007079506167580393,2.149997035555259,True
Emp1,-0.46740047354695063,-0.5807583761419949,0.11335790259504425,-0.3116176204416129,-1.0712072679720879,0.0021300345580194157,0.02048110151941746,1.6886466897401422,True
Ambp,-0.21110344564677255,-0.32445254453260886,0.1133490988858363,-0.6184881152327305,-0.4496469643779975,0.0033876077274963704,0.028871656768434974,1.539528293890526,True
Gsr,0.06866526556981517,-0.042598188787046166,0.11126345435686133,,0.018681938077818445,0.00046518606768780905,0.006773808593498896,2.1691670793125386,True
F5,-0.09010877173440791,-0.20097798592021265,0.11086921418580474,-1.1601512135223195,-0.22692084348635386,2.8060530030749273e-06,0.0002050740932139293,3.6880892001137338,True
Ankrd37,-0.25066410368674874,-0.359553179770433,0.10888907608368426,-0.5185910978451282,-0.5251406553747101,0.0012044052918240903,0.013151318969170787,1.8810306888238741,True
Ms4a6c,-0.8298261805262822,-0.9377667493067995,0.10794056878051728,-0.17520639703920368,-3.105274136559728,0.0001398146675072631,0.0030841470773660977,2.510864919413089,True
Wfdc17,-1.994586640765316,-2.0994429220274164,0.10485628126210034,-0.07331804589045952,,0.0006891194401154571,0.009027765591032189,2.044419726050067,True
Trem3,0.10947795892546429,0.0076812169914708415,0.10179674193399345,3.513378809945664,0.08212974061290566,0.0009534213878075555,0.01117290688836979,1.9518338204978953,True
Ankrd55,-0.1436354259363266,-0.24320930821681788,0.09957388228049127,-0.7586913986889053,-0.31011469573651557,3.1731287097001906e-08,9.519386129100571e-06,5.0213910567983095,True
Socs3,-0.48433546961616586,-0.5820995218053985,0.09776405218923262,-0.26349335599067786,-1.0991776072101629,0.007429360793999919,0.049419251401329835,1.3061038375404548,True
Lpl,-1.4043642063562127,-1.501429180824777,0.09706497446856432,-0.09559892119023214,,2.626344309215196e-06,0.0002050740932139293,3.6880892001137338,True
Spaca6,-0.04475144424521755,-0.14033323554961405,0.09558179130439651,-1.6631531642604331,-0.14009776305723393,0.00014919256506061901,0.003196666392182812,2.4953026848399773,True
Lrrc25,-0.3277524459098586,-0.4227004955731858,0.0949480496633272,-0.36491766115339086,-0.6785947649934523,0.000900578032746207,0.010894089105800892,1.962809076832359,True
Fbxl5,-0.5059674351583701,-0.5994252617887161,0.09345782663034607,-0.24277635571704512,-1.1606735591748343,0.005392643622808284,0.04034396725292981,1.3942213973642326,True
Csf1r,-0.6642787559852498,-0.7559469910342859,0.0916682350490361,-0.1850064810621546,-1.7864368282734477,1.802879962306322e-05,0.0007820403929080699,3.1067708147610777,True
Cd33,-0.5315178743634431,-0.6220633602913669,0.09054548592792377,-0.22521270856233824,-1.2405564821207502,0.003805422435767652,0.031449772196426876,1.5023824959800183,True
Casp6,-0.4981425153120391,-0.5877718427357695,0.08962932742373042,-0.2368911071590205,-1.1295987551712954,0.0027270203239899734,0.02464174991557205,1.6083284543123428,True
Tmem173,0.041202168187298535,-0.04782797086612528,0.08903013905342382,,-0.004787440878883831,0.005219216148172891,0.03943992051516039,1.4040639689808776,True
Il13ra1,-0.36373226977969453,-0.4451495600834327,0.08141729030373818,-0.2891788019643541,-0.7476834507665834,1.5458567942545884e-05,0.0007246203723068384,3.139889460177179,True
Atf3,-1.0761408567985167,-1.1569019412367796,0.08076108443826291,-0.10334258711032968,,6.629691579655007e-05,0.0019124110325927908,2.7184187595483307,True
Tmem51,-0.21130442301688707,-0.2917715225267907,0.08046709950990366,-0.46293723188861324,-0.4179989710142139,0.00041356073052333333,0.006222302533689088,2.2060488769435493,True
Cpne8,-0.19619890626369513,-0.2765880913734094,0.08038918510971427,-0.49286344009979455,-0.389098709298068,0.00033205318902394256,0.005596402062201279,2.2520910920496036,True
Gm30074,-0.08179223252247345,-0.16182775130465094,0.08003551878217749,-0.9855328760086891,-0.18739497509627662,0.0025076850060970365,0.02329119200709322,1.6328082843783436,True
Ptprk,0.18087937929426945,0.10090613179697247,0.07997324749729698,0.8222316607163024,0.19016318398926516,0.0005666585055187226,0.007848506175314483,2.1052129956819994,True
P2rx3,0.0802643540013778,0.0007084606001101508,0.07955589340126765,4.908372364654902,0.05725811812668389,0.00016428791869107313,0.00342266497273069,2.465635609660039,True
Pi16,-0.0830935663857599,-0.1621699043434069,0.07907633795764699,-0.9655448025958954,-0.18874557143554357,0.0026664867755828952,0.024388598557160628,1.6128131548473446,True
Gas7,-0.36317816894889193,-0.4409484492899644,0.07777028034107247,-0.27764259269726277,-0.741935353921765,0.0024899720037012767,0.02319849692889388,1.6345401528950516,True
Ndrg2,0.043507763679947103,-0.033758641742055846,0.07726640542200294,,0.00701542024711531,0.0013620292860406415,0.014287020482943792,1.8450583326320942,True
B4galt6,0.022293604056144035,-0.054470234786745286,0.07676383884288931,,-0.023399269015533984,0.0027126652478552706,0.024586089859715443,1.609310535408411,True
Rgl1,-0.33078108719912974,-0.40704942100462493,0.07626833380549519,-0.2969085018474606,-0.6640943428055054,0.0009286508177044249,0.0111438098124531,1.9529663084745248,True
Cib2,-0.3171232475797364,-0.3922542999634451,0.07513105238370865,-0.30426040708661306,-0.6319329711824286,0.00046965072914925677,0.006773808593498896,2.1691670793125386,True
Nrg1,-0.07212676674656247,-0.14622487166975606,0.07409810492319359,-1.0213361577584024,-0.1667873752944417,0.0005703247820728525,0.007848506175314483,2.1052129956819994,True
Dab2,-0.6091442555755331,-0.6829111966088826,0.07376694103334946,-0.1632261719756263,-1.498291734190024,0.0038890993845976858,0.03199244903508812,1.4949525132227353,True
Ms4a4b,-0.0673330058044681,-0.1370591760846223,0.06972617028015418,-1.0273805856919596,-0.15552771709832666,0.0002500148502090074,0.004601500310595229,2.3371005443231145,True
Il2ra,0.04864066901720991,-0.0196933342998417,0.06833400331705161,,0.020731417618881785,0.0002993491482683867,0.005191025692515376,2.2847468216143043,True
Zfp618,-0.23264357315665113,-0.3003658366234477,0.06772226346679655,-0.36563017903850364,-0.4471403828991423,0.001254578327129265,0.01339407466686048,1.8730872843669064,True
Tifab,-0.1978507000869267,-0.2643922032449885,0.06654150315806182,-0.41515783303889797,-0.379172366081414,0.0013331547409087593,0.014033207799039571,1.8528430438551284,True
Cgnl1,-0.06940269047971351,-0.1325355147746335,0.06313282429491998,-0.9338570616252263,-0.15355739658860496,1.5413649836536753e-07,2.7840883323316294e-05,4.555316989738335,True
Gdf15,-0.3449704371461999,-0.40802632633739083,0.06305588919119093,-0.23959474689497867,-0.6815347904057018,0.00040299878854675763,0.006137037389036919,2.212041230829975,True
Abcd2,0.00521317648745021,-0.05679060936240286,0.06200378584985307,,-0.03769340195184274,0.0021243030299092384,0.02048110151941746,1.6886466897401422,True
Cd86,-0.6693614767098558,-0.7306723155259656,0.06131083881610977,-0.12479909795537981,-1.7370468496061304,0.00011358678223974529,0.002683152336371936,2.571354669494442,True
Arhgap26,-0.09361404443018839,-0.1537814474954277,0.060167403065239294,-0.7138295697295054,-0.19049952507352216,0.00031522313735986545,0.00534276503999772,2.272233924465079,True
Gm36423,0.0414913559580769,-0.016606514527484635,0.05809787048556154,,0.017839861863335152,0.00014187497209876195,0.0031067512138415023,2.5076935233082156,True
Gm26522,-0.08673974188396119,-0.14454499498698847,0.05780525310302728,-0.7346096086097191,-0.1772981857394763,0.0006179036276645022,0.008279444872879231,2.081998781177376,True
Filip1l,-0.4126939571561946,-0.4702222711569145,0.05752831400071989,-0.1858769859155852,-0.8402626203869076,0.0016521177363286617,0.016688057942713753,1.7775942009982513,True
Hpgd,-0.009541030409201524,-0.06598987056488846,0.056448840155686936,-2.917738612143553,-0.055539493849944076,2.7943813421525378e-05,0.0010380172226052092,2.983795440687604,True
Lox,-0.09720769571323963,-0.15298136429937037,0.05577366858613074,-0.6512407990821456,-0.19280094690078547,0.000262741277933003,0.004748336348186801,2.3234585253981908,True
Ccl24,-0.023351135600852047,-0.07790133675524623,0.054550201154394184,-1.7684942905146783,-0.07495191380230795,0.004584386803121261,0.035909035011393683,1.4447962655745088,True
Arhgap24,-0.3493314692389936,-0.4033830745845798,0.05405160534558617,-0.20482118487477455,-0.6812083190498569,7.372213826687366e-07,8.191348696319297e-05,4.086644586255872,True
Cacna1b,-0.14243879216053396,-0.1949146669716062,0.05247587481107224,-0.44852938143660787,-0.2665184988048946,0.005541503337326979,0.04104817286908873,1.3867061693735925,True
Hist1h4m,0.03194333897856359,-0.020285583156783953,0.05222892213534755,,0.008384879707259419,0.0056660448607603305,0.04186732655734234,1.3781247701444268,True
Pld4,-0.6171192663565684,-0.6673445459931348,0.05022527963656631,-0.1110628330892062,-1.4829033629830495,0.00041482016891260584,0.006222302533689088,2.2060488769435493,True
Pde6h,0.05084481146297841,0.0008101467290800768,0.05003466473389833,4.207511129626382,0.03678812277665808,3.434587283494217e-05,0.0012114923500927452,2.9166793238483875,True
Zfp503,-0.09028162113940459,-0.13623838275918984,0.04595676161978525,-0.5895415710700308,-0.1734169424576905,0.004871114859643043,0.03756643850624454,1.425199976360687,True
Cldn11,0.037791620867039105,-0.0074475772164057695,0.04523919808344488,,0.021724214116242865,0.0004835281967900816,0.006907545668429737,2.1606762351148214,True
Plxnb2,-0.21876858170431177,-0.2636837370487319,0.044915155344420116,-0.26551188427093403,-0.3982581534249172,0.0012295437844761703,0.01324182510800188,1.8780521523806413,True
Angptl2,-0.18997756040541794,-0.23416743089601827,0.04418987049060033,-0.2975077753493286,-0.34386519861579734,0.006745947274620651,0.04651092915197191,1.3324449844716357,True
Gm12709,0.08046064712815804,0.04138201801760257,0.039078629110555464,0.9102977020415652,0.08531768423133575,7.030326943460379e-05,0.0019844861695764967,2.7023519234625573,True
Rhox5,-0.003271765045475064,-0.04127175914741552,0.03799999410194046,-4.158701524878255,-0.0324945748143603,0.0001947078844961438,0.0038429187729502067,2.4153387950392475,True
BC018473,0.16469454304314757,0.12831050045528972,0.03638404258785785,0.3472078801325932,0.19723952815123244,1.299953284742661e-06,0.0001299953284742661,3.8860722542647155,True
Synm,0.046506410814891354,0.010974937957402474,0.03553147285748888,1.8746085954425662,0.04087935256394617,0.0026936325464202897,0.024552322392562293,1.6099074218884055,True
Gm28989,0.03110396504578453,-0.0021283581646315912,0.03323232321041612,,0.020751520568629795,0.0012044052918240903,0.013151318969170787,1.8810306888238741,True
Olfr433,-0.038331707272769064,-0.06977112274361426,0.031439415470845195,-0.8630915572453256,-0.08016632378902634,7.395534504226615e-06,0.00040220686812467285,3.395550517619985,True
Timp1,-0.34808423203090044,-0.3777779260056485,0.02969369397474808,-0.11489780108993276,-0.6504786367231237,3.050904285656919e-05,0.0011027364887916575,2.9575282546823365,True
A130077B15Rik,-0.017843542676609796,-0.04632905396178486,0.028485511285175066,-1.402319877311504,-0.047049671051984765,4.071155294159295e-06,0.00025444720588495593,3.594402313803884,True
Unc79,0.014244386421786347,-0.013130077014116484,0.02737446343590283,,0.0008035804896874264,0.00759749966590334,0.049894089067016645,1.3019509020245534,True
X4921507P07Rik,0.0465432527870018,0.021303152482745887,0.02524010030425591,1.0309277824245018,0.048129029663949635,0.0024267176678249703,0.022821796249137653,1.6416501762899403,True
Gm10800,0.015767670372031216,-0.007441583275979963,0.02320925364801118,,0.005993535245782394,7.743595376042824e-05,0.002084662638765344,2.6809642169382717,True
Cd38,-0.27031240558479175,-0.2935108787424505,0.023198473157658772,-0.11465993996780796,-0.4777667221907006,0.003089019176634806,0.02701766043703912,1.5683522609126168,True
Gjb5,0.05605167045752862,0.035807115448842096,0.02024455500868652,0.5954551810902831,0.06478546355954812,0.0005155186830424492,0.007226897425828727,2.141048109349063,True
Ms4a6b,-0.3409423566034428,-0.3597997623777692,0.018857405774326375,-0.07417197423522946,-0.6223121898899022,0.000272788468662847,0.004842398852003202,2.314939442054519,True
Gsto2,0.032157008973136385,0.015616984786021646,0.01654002418711474,0.9155179829696878,0.03405649850431785,0.003009353903581909,0.026553122678663905,1.5758843980338781,True
Pak3,0.01371271086509514,-0.001370523846865633,0.015083234711960774,4.553904303225243,0.008875647856611272,0.00018530384075827834,0.0037309498139250674,2.4281805927393907,True
Vmn1r4,0.00855032078596342,-0.0058036220932985196,0.014353942879261939,,0.0019799650105209216,0.000727166629167563,0.009282978244692293,2.032312667344938,True
Hck,-0.4614003690781121,-0.475597546789109,0.014197177710996878,-0.04100126531120677,-0.9118555745655287,0.007399689668594864,0.049331264457299094,1.306877752573746,True
Gm45805,0.026415875930643762,0.015811675723454707,0.010604200207189055,0.6260226347816875,0.03014362495851299,0.0022216994984830475,0.021226428329455867,1.6731230763617486,True
Ipcef1,-0.29244941489098136,-0.3026209253058253,0.010171510414843932,-0.04506113816381815,-0.5095020987306218,0.004282189127906398,0.034166402616274454,1.466400745700711,True
Asb5,0.016671285757986494,0.008548393787449917,0.008122891970536577,0.7503280284529703,0.018078408442261436,0.0012157724345498034,0.013167210482488844,1.8805062220298947,True
Cd28,-0.409225456719656,-0.41709169658259276,0.007866239862936775,-0.024321795199343875,-0.7689573848324881,0.0038924146326023883,0.03199244903508812,1.4949525132227353,True
Olfr482,0.05672403074440399,0.04907774080543476,0.007646289938969229,0.17829969835291,0.07436963547947915,0.0005538610230383437,0.007728293344721074,2.111916401657808,True
Lingo3,0.08266391043723319,0.07561884270772286,0.007045067729510329,0.10945610100376181,0.1098838823597372,0.00717187897092405,0.04824133836944428,1.316580651978985,True
P2ry6,-0.3094670405817114,-0.31636613992766177,0.006899099345950399,-0.027670767152783018,-0.5414428466132781,0.005824075474238514,0.04277195741504095,1.3688408742440323,True
Gm3839,-0.04654920184155057,-0.050547188719020586,0.003997986877470015,-0.09427476295999951,-0.07179751547988072,7.941199875001836e-05,0.002089789440789957,2.6798974695395157,True
Gpm6b,-0.06917928056263745,-0.07292561481651351,0.003746334253876063,-0.058518087781706474,-0.10633094947172717,7.078000671489505e-05,0.0019844861695764967,2.7023519234625573,True
Evl,-0.3107275746721046,-0.3135731354937421,0.002845560821637505,-0.0089109067050322,-0.539834850073885,0.007600532901208868,0.049894089067016645,1.3019509020245534,True
Slc9b1,-0.007007098810016856,-0.008176610107223314,0.001169511297206458,-0.057776924271625354,-0.010994518177850257,0.006015507573100853,0.04338106422909269,1.3626997980306048,True
Podxl2,0.03410492147856165,0.034919928070461896,-0.0008150065919002442,-0.06973108407653476,0.04895097246029948,0.00501317375467323,0.03817137376654744,1.4182622097523723,True
Olfr655,-0.010991440587710651,-0.0069944633471439276,-0.003996977240566723,0.9897892618745938,-0.013032777005888885,0.005971398198007906,0.043290485024647544,1.3636075483437389,True
Pld2,-0.22471394223325095,-0.22047842097036252,-0.004235521262888425,0.033693785235975895,-0.36326390106334105,0.002584258534849667,0.02385469416784308,1.6224261469973025,True
Dnmt3bos,-0.0021784225490968,0.0024833369445244457,-0.004661759493621246,,0.0002199324783708779,0.00044322701998250483,0.006518044411507423,2.1858826847412494,True
Rasl11b,0.00464610270622272,0.009760032638596546,-0.005113929932373825,-1.0400410886996077,0.010354582241283286,0.00011764105940854012,0.002735838590896282,2.5629095287175967,True
Krt8,-0.0017560887304656002,0.0044724938294706815,-0.006228582559936281,,0.001958142606363378,1.670672527520897e-05,0.0007593966034185896,3.119531349676947,True
Slc18a1,-0.05430233442802188,-0.04798860286533202,-0.006313731562689863,0.21094620475569997,-0.07574116989773602,0.0029832182118705486,0.026400161166996006,1.5783934218527682,True
Chst2,0.007079907616302984,0.015077161449418525,-0.007997253833115541,-1.0666884540789299,0.015895061514613125,0.0002941247659190458,0.005135401796476157,2.289425571313858,True
Tnfrsf19,0.01173925118818938,0.02035130266478704,-0.00861205147659766,-0.8028392775985315,0.022964692800905278,0.0019080427330588593,0.018829369076238743,1.7251642318313753,True
Tmem108,-0.03696569683262154,-0.02738312429117808,-0.00958257254144346,0.4998222233444676,-0.047181010118417514,9.963693052507823e-05,0.002511855391388527,2.6000053667380874,True
Gm20633,0.09715236955454647,0.10914623901337951,-0.011993869458833045,-0.17829210266983733,0.1416280637967915,0.004726771491970773,0.03673656599977285,1.4349014423974158,True
Gm15972,0.013939003230761304,0.026168174290500033,-0.012229171059738728,-0.9079532653189951,0.028644946518697367,0.00329381524613024,0.02823270210968777,1.5492475541886246,True
Peg10,0.007893705236448237,0.020934270424200287,-0.01304056518775205,-1.3548613507972282,0.02064654415690181,0.0014274626044014297,0.014921211892697872,1.826195902269709,True
Zfp612,0.009297275599553567,0.02253117267172757,-0.013233897072174004,-1.2421673392480899,0.022778597348103093,0.0011414657802022775,0.012825458204519972,1.8919271102598196,True
Exd1,-0.026398389461905248,-0.011533557324898627,-0.014864832137006621,1.4095001129392493,-0.027624918519038037,0.0024170352168518794,0.022802219026904522,1.642022887023848,True
Gm10069,-0.0036111865970666073,0.012261802875949936,-0.015872989473016543,,0.0062266442121953905,0.004298491896964015,0.034205505811384734,1.4659039830944505,True
Chadl,0.025341212002352256,0.041587509529870746,-0.01624629752751849,-0.7226025125754199,0.047488637981999225,0.0009811409163581143,0.011430408870969562,1.941938234413995,True
Palm3,0.008595890467476585,0.026001065505319092,-0.01740517503784251,-1.5340652386088256,0.024743031735406984,0.006438954364042573,0.04523855525088459,1.3444912732555918,True
X1700006J14Rik,0.006808627132102614,0.029484776817097567,-0.022676149684994953,-1.998096106665797,0.025945450375051953,0.006167180835862298,0.043964577567474725,1.3568970953933184,True
Thap8,-0.043571058241653735,-0.019156328236979193,-0.02441473000467454,1.308657413370989,-0.04597301534043103,0.00661356816520419,0.04614117324561062,1.3359113667369775,True
Esm1,0.08774410447214082,0.1168868399061538,-0.02914273543401298,-0.42068020939350603,0.14053716858207285,0.00012169846704316082,0.0027869877948815455,2.5548649331981426,True
B3galt1,-0.01902484455445313,0.010464838970253324,-0.029489683524706455,,-0.006187990578085379,0.007552131178162857,0.049853969640225565,1.3023002551215028,True
Igll1,-0.02145512820937463,0.009341234122545693,-0.030796362331920322,,-0.008764898603465885,0.0007208100534743447,0.009241154531722369,2.0342737673693305,True
Sult4a1,-0.02535638551438822,0.005757124517789823,-0.031113510032178045,,-0.014207607233247243,0.00034086756550072477,0.005613862083637537,2.2507382609304565,True
Olfm1,-0.8331106409181759,-0.8010666893478833,-0.032043951570292606,0.05833294939889576,-2.450783614389725,0.006683516383089244,0.04641330821589753,1.3333574751339856,True
Rgs9,-0.02170383003473866,0.011372356372222652,-0.03307618640696131,,-0.00747189849821865,2.135810822975965e-05,0.000877730475195602,3.056638822482516,True
Gm26762,0.0019019130977458675,0.03504229553300507,-0.03314038243525921,-3.63827280769173,0.02640646580501399,0.003152761658731346,0.027336083746225544,1.563263703712223,True
Rasgrp1,-0.10014078175189382,-0.06672044715148581,-0.03342033460040801,0.6141949359650732,-0.12568399601262686,0.007114489344274341,0.04796284951196184,1.3190950230177434,True
Ano3,-0.006272164996021318,0.028606439483420152,-0.034878604479441466,,0.01602148205134816,0.005086655283846656,0.03863282494060752,1.4130435338624052,True
B3galnt1,-0.054758509875040995,-0.019793034121284473,-0.034965475753756525,1.5932212402220935,-0.054805497100474755,0.0008615992875950284,0.010590925703913191,1.9750660785581284,True
Usp18,-0.08818448808778258,-0.05200313015471382,-0.03618135793306876,0.8008452215696518,-0.10484291068846235,0.0003695842810940351,0.005993258612335704,2.2223369818584775,True
Dnah12,-0.01410544392766572,0.02219023707642919,-0.036295681004094915,,0.005820189643478781,2.8026465010340647e-05,0.0010380172226052092,2.983795440687604,True
Gm6525,-0.036674704822400296,0.0011682658910906196,-0.037842970713490916,,-0.02584256085165332,1.3288743097708579e-05,0.000664437154885429,3.1775460900819503,True
Cited4,0.010285398414902485,0.04824252595044478,-0.0379571275355423,-2.145154481239889,0.04161301925435286,0.00015024332043259218,0.003196666392182812,2.4953026848399773,True
Ripor3,-0.04275401794227313,-0.0047659569200109025,-0.03798806102226223,3.913541257119258,-0.03469221106023256,0.00013092279375114552,0.002975518039798762,2.526437412375726,True
Tpbgl,-0.02327039005111009,0.0152397961142498,-0.038510186165359894,,-0.005804510254616341,9.136310959707914e-06,0.0004645581843919279,3.332959884301467,True
Neb,-0.019866834607173894,0.020921977228512557,-0.04078881183568645,,0.0007609238104764381,0.0075010073241161095,0.0497854468414786,1.3028975905761375,True
Shroom4,0.05259224742922409,0.09339828321785493,-0.04080603578863084,-0.8299762128858468,0.10164371010252411,0.007525026823398051,0.049834614724490404,1.3024688949564582,True
Ephb4,0.054143010250414396,0.09541379283965233,-0.041270782589237935,-0.8190404208013724,0.1040392347471552,0.004336750770309391,0.03441865690721739,1.4632060808174305,True
Scnn1a,0.044319850073884115,0.08559574439839487,-0.04127589432451076,-0.9483969363613626,0.09079625962996361,0.0017758466293720677,0.01769946806683124,1.752039785565387,True
Bcam,-0.07041266536617775,-0.027977372141122864,-0.04243529322505489,1.4164261819635913,-0.07277863333968046,0.0021569696458443493,0.02067383047135159,1.6845790493306658,True
Trac,-0.04039711116872528,0.0024794584835508074,-0.04287656965227609,,-0.02761440820346411,3.542601871239102e-05,0.0012215868521514145,2.9130756502057427,True
X5830473C10Rik,-0.033973224068273813,0.009610928375880855,-0.04358415244415467,,-0.017681592612319465,0.00011020828988948264,0.0026639562817892034,2.5744729066539516,True
Tmod2,-0.061934316359486666,-0.014534429761842063,-0.0473998865976446,2.2796300895712696,-0.05624272900885555,0.0003901010437979208,0.0061015342339924335,2.214560947681377,True
X2210406O10Rik,0.02991687472745874,0.07738671728719813,-0.04746984255973939,-1.3571025159682903,0.07539817326417671,0.0040770251810500315,0.03311309678927056,1.4800002014406104,True
Pdzph1,-0.027990583242879976,0.02079205608950689,-0.04878263933238687,,-0.005202007036162244,0.0055096206590748665,0.040913024696100496,1.3881384119641735,True
Plxna4os1,-0.021534834731739356,0.030759393390751604,-0.05229422812249096,,0.006638814225024422,0.0018976939480792921,0.01878904899088408,1.726095201190777,True
C130026I21Rik,-0.23835551357516843,-0.18551917337578286,-0.05283634019938557,0.37067522240048834,-0.34361775624171875,0.0022446719039375214,0.02133877497707049,1.6708305163065538,True
Cdkn2a,-0.05029942047296471,0.0041596829553584595,-0.05445910342832317,,-0.03367270865713021,0.007561185395434211,0.049853969640225565,1.3023002551215028,True
Rragd,-0.10942364595092303,-0.05226420034327754,-0.05715944560764549,1.1081051280249012,-0.12161823643829542,0.0008649255991529106,0.010590925703913191,1.9750660785581284,True
Ache,-0.04138513085237965,0.01800475727978193,-0.05938988813216158,,-0.01696472926898477,0.00016641784372601836,0.003443127801227966,2.463046856953185,True
Gm3739,-0.039254766795979674,0.020497141508472844,-0.05975190830445252,,-0.013594617295912851,2.0765293107229763e-05,0.0008652205461345734,3.0628731760488015,True
Patj,-0.0012908564624576377,0.060226761351207886,-0.06151761781366552,,0.04189891926670372,0.0006707975683392175,0.008904392500078108,2.0503957048210215,True
Lrrc9,0.03470512742696069,0.09740840327396258,-0.06270327584700189,-1.4742914887070349,0.09228426071359275,0.00035513617798090463,0.0057902637714277935,2.237301651839695,True
Atoh8,-0.013641713689436705,0.04983712395059624,-0.06347883764003294,,0.02587602108291567,0.006069817559810295,0.04366775222885104,1.3598391625492496,True
Scn1b,-0.14194815869417002,-0.07731811701526156,-0.06463004167890846,0.9033487936197736,-0.16752819572536234,0.0001677622100687147,0.0034471687000420833,2.462537462253618,True
Lurap1,0.03327085081117203,0.10045586017441625,-0.06718500936324423,-1.576880411239988,0.09337540673680507,7.358114030560886e-05,0.0020439205640446906,2.6895359868482016,True
Adora2a,-0.11924828503234335,-0.04776573522092593,-0.07148254981141741,1.3685890533042422,-0.12580424905249044,1.7178303320296157e-05,0.0007691777606102757,3.113973281094849,True
Nr4a2,-0.06175439595907067,0.011439819565196003,-0.07319421552426666,,-0.03675863213495855,2.42238247807932e-06,0.00020186520650661,3.694938529616758,True
Tesc,-0.07440557820525574,-0.0006561113355479855,-0.07374946686970776,,-0.05518778828112585,0.0001967880140597538,0.0038585885109755653,2.413571533152166,True
Lag3,-0.09009339868167608,-0.015383708040518296,-0.07470969064115779,2.7336587088738287,-0.07816542662537393,0.006841956816873895,0.04675596913581249,1.330162936721729,True
Tubb3,-0.06895548860702816,0.007632865670270778,-0.07658835427729893,,-0.04492726114383622,0.0001369626795172904,0.0030841470773660977,2.510864919413089,True
X5430402O13Rik,-0.039466716032076306,0.039793100274587385,-0.07925981630666369,,0.00023541725544920942,0.0009344512703841351,0.011168740283475719,1.951995807975437,True
Nmnat2,-0.014500768259868476,0.06486370166511032,-0.0793644699249788,,0.035879302842885596,4.198926535006186e-08,1.1451617822744142e-05,4.941133154209895,True
Ddx25,-0.027166774165992946,0.052274927948962095,-0.07944170211495505,,0.017998959236614598,0.006475643205073564,0.04539002246546891,1.3430396023061315,True
Ccl17,-0.15223469283452998,-0.0716652036502428,-0.08056948918428718,1.1175828046249978,-0.17128710368636607,0.006759588370086584,0.04651092915197191,1.3324449844716357,True
Fgfr1,-0.04527417560557594,0.03588284388003099,-0.08115701948560694,,-0.006790369012151967,5.357253259108733e-05,0.0016568824512707423,2.7807083018252894,True
Wfdc2,-0.02966058506197072,0.05179946802549208,-0.0814600530874628,,0.01588208669784963,0.004035707880653387,0.032927742514562194,1.482438042961819,True
Hdx,-0.03471764943007069,0.04680818880829007,-0.08152583823836076,,0.008695224513770508,0.0012963409232104697,0.013742129928026179,1.8619459496418531,True
Hgfac,-0.11048504247643945,-0.028886204596713767,-0.08159883787972569,2.0248340309567916,-0.10420977358788627,7.507861538327227e-06,0.00040220686812467285,3.395550517619985,True
Tmem246,-0.006833263697972721,0.07706358731956983,-0.08389685101754256,,0.04979128379305435,0.0004906094671027665,0.006975490053593838,2.156425276212715,True
Nrxn1,-0.01693087799610309,0.06736053154877038,-0.08429140954487346,,0.03592624831685709,0.0013275718586125498,0.014023646393794541,1.8531390475103757,True
Rtkn,-0.055168633889643576,0.029702382013650275,-0.08487101590329385,,-0.018487973890743775,0.0006182084710393852,0.008279444872879231,2.081998781177376,True
Wwtr1,0.003780514449894524,0.08943014319002209,-0.08564962874012756,-4.235579668746543,0.06571750960564052,0.007367174238374071,0.04922388132543923,1.3078241449655545,True
Ceacam10,-0.1666862597565188,-0.07981775808471778,-0.08686850167180102,1.089647200479443,-0.18976587509862036,0.006592178456594886,0.04609915004611809,1.3363070818486098,True
Gpr183,-0.3915147679307386,-0.2998026114154679,-0.0917121565152707,0.3907511328539817,-0.6118847400939855,0.0037778957988709055,0.031388870317593194,1.5032243142350983,True
Adgre5,-0.15116258836788507,-0.05736595532921773,-0.09379663303866734,1.4387532356910326,-0.1588549428751959,0.0015117564767529762,0.015468869769314079,1.8105414168036567,True
Fam181b,-0.04707426035899801,0.046903195400737153,-0.09397745575973517,,-0.00012340256101517176,0.0003902995701833383,0.0061015342339924335,2.214560947681377,True
Fmo5,-0.135558087157333,-0.04074290801963137,-0.09481517913770163,1.7954424668553401,-0.1331323626477938,0.00016929817351239224,0.0034550647655590253,2.46154380731691,True
Cdkn1c,-0.0637197277498029,0.03115105466946594,-0.09487078241926884,,-0.023686720578047066,0.00638427169487597,0.044959659823070215,1.3471769834159166,True
Sema7a,-0.1464116418346047,-0.04964895141271821,-0.09676269042188648,1.6089023422679871,-0.14884911985768162,0.0016903869386639399,0.016999247860252066,1.7695702937610458,True
Gpr34,-0.11213092270409308,-0.014100509784166493,-0.09803041291992659,3.198173084608759,-0.09405722582985955,0.0006948759920005009,0.009059745368901017,2.0428840083314905,True
Slc16a9,-0.06459157500813752,0.03561385647008367,-0.1002054314782212,,-0.02105591455063627,0.0020519931593976836,0.019986946357769646,1.6992535531191664,True
Slco2b1,-0.02241860227197913,0.08462604007310125,-0.10704464234508038,,0.044189460947865265,5.31164289495865e-07,6.639553618698312e-05,4.1778611175375095,True
Hbegf,0.0820479455832145,0.19148580348438746,-0.10943785790117296,-1.2189444151617757,0.18493642007149183,0.0027547283797972164,0.024743069279615715,1.6065464288571727,True
Trpc1,-0.03933593670020106,0.07056745037591301,-0.10990338707611408,,0.022354683059352953,3.3527929220381456e-06,0.0002186604079590095,3.660229845958786,True
S1pr1,-0.04035805180734882,0.07254507916767398,-0.1129031309750228,,0.0230331831280908,0.0007476409664220778,0.009384614641281312,2.0275835560315696,True
Bmp4,-0.035088987440830735,0.07937426452618068,-0.11446325196701142,,0.03159653635289567,0.003748947293084937,0.031241227442374474,1.5052719113831503,True
Klk8,0.09573059302674485,0.2140058775398501,-0.11827528451310525,-1.1579386428148577,0.20772825670846762,0.0002547678983091831,0.004660388383704569,2.3315778889170393,True
mt.Co3,0.21398430653701747,0.3325129244971071,-0.11852861796008965,-0.637341064691189,0.34851414850365453,0.0059348632477589655,0.04326811224339648,1.3638320523436929,True
Prkg1,-0.052468300327600956,0.06646916324611199,-0.11893746357371295,,0.01006430148173336,6.944567543361515e-06,0.00038580930796452864,3.4136272988568077,True
Cmya5,-0.06841307521519484,0.05176425181146823,-0.12017732702666306,,-0.012059853004191474,0.004464642057168847,0.03506263395682341,1.4551554621741494,True
Sytl1,-0.0013659279277649845,0.11907292799180538,-0.12043885591957036,,0.08250299594229445,0.004661917267685107,0.036387547356521284,1.4390472163408348,True
Atp8b5,-0.08688284925918134,0.03511300264951678,-0.12199585190869812,,-0.03783588031006632,2.730703789898543e-05,0.0010380172226052092,2.983795440687604,True
Ets1,-0.1480224670345836,-0.02512522360583351,-0.1228972434287501,2.6677812850353413,-0.1306399950259157,0.0024734700980615964,0.023116542972538283,1.6360771131670766,True
mt.Co2,0.11575116431067053,0.24333295338239247,-0.12758178907172193,-1.0704027911769487,0.2382268615680551,0.006227793484906203,0.044273413399807136,1.3538569934141196,True
Zfp831,-0.013801978070310547,0.11588215072695102,-0.12968412879726157,,0.07181769427079313,0.00030246278211193666,0.00521487555365408,2.2827560509970275,True
Phlda2,-0.025805683093188612,0.1047925095787952,-0.1305981926719838,,0.055880616578149106,0.0014561900262764888,0.015116159442316491,1.820558535876944,True
Ddr1,-0.11948040612528588,0.012735428072801466,-0.13221583419808736,,-0.07913124446894725,0.00015669561137727069,0.003310470662900085,2.4801102564451205,True
Arhgap6,-0.12200397864975088,0.010793490077552599,-0.13279746872730347,,-0.08253806467887033,0.004116980805204559,0.033290949907314495,1.4776738127249982,True
Auts2,-0.013869165987430791,0.12178099262920491,-0.1356501586166357,,0.07581452070988287,0.007063191548131297,0.047724267217103364,1.321260731263508,True
Enah,0.1152356169924085,0.252464681262973,-0.1372290642705645,-1.129507922533188,0.24348647725714592,0.004669735244086898,0.036387547356521284,1.4390472163408348,True
Lama5,-0.029817711032523217,0.10927467091459903,-0.13909238194712226,,0.05620682472589701,0.000475108800280662,0.006819743544698498,2.1662319566069272,True
Itgae,-0.22041772130414852,-0.08105647842920136,-0.13936124287494717,1.4722446444397586,-0.2357168673677837,0.00010698362728685428,0.002609356763094007,2.5834665381284014,True
Prkcq,-0.01048468327563014,0.12914329741518343,-0.13962798069081359,,0.08315114062842391,0.0058312435275839165,0.04277195741504095,1.3688408742440323,True
Gm15261,-0.17195775751796646,-0.030095162661185434,-0.14186259485678104,2.6046303860214595,-0.15364944233096037,0.0010577453132169952,0.012117335570819293,1.916592864831558,True
Mmp2,-0.01405713402204035,0.12847597045438794,-0.14253310447642828,,0.08026118248830341,0.0073436072202126505,0.049175941206781135,1.3082473191158022,True
Zbtb16,0.03146774248269226,0.17487108301091372,-0.14340334052822146,-2.442380836373444,0.14165436133884285,0.0009830151629033823,0.011430408870969562,1.941938234413995,True
Nr4a1,-0.10841274963796642,0.03582044823080097,-0.1442331978687674,,-0.05333822726349969,2.8672853402654777e-06,0.0002050740932139293,3.6880892001137338,True
Gp1ba,-0.07776063545126141,0.06671916988576128,-0.1444798053370227,,-0.007986800645483948,1.3971832888867476e-05,0.0006850998081484149,3.1642461540980396,True
Hist3h2ba,-0.14098119120900932,0.003728246969678148,-0.14470943817868748,,-0.10256821738716945,2.8710373049950104e-06,0.0002050740932139293,3.6880892001137338,True
Pcyt1b,-0.007518533474182044,0.13823028575284105,-0.1457488192270231,,0.091335435126396,0.004410479984026136,0.034860038040343225,1.4576721433103017,True
Fyn,-0.179893132460235,-0.03246962577468856,-0.14742350668554643,2.55306579689501,-0.16194599424141395,0.004830624668166409,0.03735019073324543,1.4277071760658648,True
X4930523C07Rik,-0.023840865488141856,0.12568969558993248,-0.14953056107807433,,0.07165891101981713,0.005872012932332187,0.04296594828535747,1.3668755986148242,True
Sp100,-0.35401319392361064,-0.20184666517210947,-0.15216652875150116,0.8205303971463026,-0.4697892503113409,0.006312011577235812,0.044555375839311614,1.3510998885632177,True
Etv3,-0.28646189928526145,-0.13368423004844246,-0.15277766923681899,1.1158468301239812,-0.3402088781892125,0.0005116702683247918,0.00720662349753228,2.1422681666064882,True
Tax1bp1,-0.04834767499580971,0.10510896922700129,-0.153456644222811,,0.04037436575769125,0.0059421540814264505,0.04326811224339648,1.3638320523436929,True
Diaph1,-0.34375863295856945,-0.1894052961587933,-0.15435333679977614,0.8707241461879223,-0.4472923511696293,0.0007117194263962836,0.00920326844477953,2.0360579101057743,True
Prkcb,-0.22939321475918525,-0.07466606168708709,-0.15472715307209817,1.6517052177971698,-0.23791425423188853,0.0037875903516562453,0.031388870317593194,1.5032243142350983,True
Cd177,-0.4124377666814658,-0.2571476181775479,-0.15529014850391792,0.6890861939325521,-0.5881240775883921,0.002946976091624886,0.026234208530785338,1.5811320336534653,True
Rps24,0.16457796868767138,0.3202628431329015,-0.1556848744452301,-0.9600915518472988,0.31315343031741694,0.0016942583700717893,0.016999247860252066,1.7695702937610458,True
Fcer1a,-0.15963353164977168,-0.0030727158764565256,-0.15656081577331515,7.207622237114899,-0.12241769235505089,0.00031506056814839794,0.00534276503999772,2.272233924465079,True
Ablim1,0.24858296433778712,0.40559568560590464,-0.15701272126811752,-0.7071976305000045,0.408265480246015,0.004932426010054566,0.037905747236538175,1.421294937686677,True
Gca,-0.06616714838230815,0.09114570692380008,-0.15731285530610822,,0.017906632120903078,0.004818537132596872,0.03735019073324543,1.4277071760658648,True
Syne2,-0.07142328204415857,0.08590398913058415,-0.1573272711747427,,0.010407988696230382,0.004083948604010036,0.03311309678927056,1.4800002014406104,True
Ddah2,0.100196658840644,0.2621543762115709,-0.1619577173709269,-1.3831798648289428,0.24022335885023352,0.002665312216181273,0.024388598557160628,1.6128131548473446,True
Slc14a1,-0.1266150605485635,0.0354180718247181,-0.1620331323732816,,-0.06733177589563584,0.00020347772839065864,0.003938278614012748,2.404693562893655,True
Topbp1,0.5412877150054223,0.7061691785709169,-0.1648814635654946,-0.38484147482350783,0.6993103756080626,0.0032358768363423243,0.027875866198421247,1.5547716287204703,True
Itga4,-0.05192654684191106,0.11538617222726981,-0.16731271906918088,,0.045065210176217944,0.004039136415119629,0.032927742514562194,1.482438042961819,True
Cnn2,-0.36390536447948374,-0.19591288163625667,-0.16799248284322707,0.9038946580394223,-0.47374910577635276,0.0008111426277965739,0.010055487121445132,1.9975968858796351,True
Rpl23,0.18746481958437922,0.3558276740155576,-0.16836285443117838,-0.9244113150773766,0.3466973899871828,0.0010960123968891734,0.012454686328286061,1.9046672057115699,True
Jakmip1,0.008516214150704372,0.1776749357608039,-0.16915872161009954,-4.227838582159482,0.1284195487559336,0.004274961466745061,0.034166402616274454,1.466400745700711,True
Myh9,-0.26665875182093574,-0.09737742534249226,-0.16928132647844346,1.4774582170273414,-0.2898591546490374,0.005195471903879381,0.039359635635449856,1.4049489306229617,True
Rtp4,-0.1054787850865245,0.06424277223228535,-0.16972155731880983,,-0.03005642326575512,0.0011132521680321302,0.01260285473243921,1.8995310696348828,True
Exoc4,0.0034142717095932487,0.1733155267354884,-0.16990125502589515,-5.287983838407885,0.12216233419733329,0.00021318035383645828,0.0040929322943172005,2.3879654394367327,True
Stat4,-0.08182608050408556,0.09166384240086227,-0.17348992290494783,,0.007079048889971167,0.0009511444809831254,0.01117290688836979,1.9518338204978953,True
Mpdz,0.02179461791087959,0.19692982606204265,-0.17513520815116307,-3.120884041214984,0.14973050214541805,7.782740518057286e-05,0.002084662638765344,2.6809642169382717,True
Lgals9,-0.07131352279598134,0.10395359477302395,-0.1752671175690053,,0.023354773792871108,0.0030383442862036126,0.02673030163815495,1.5729961404186559,True
Cpne2,-0.1714896925881252,0.0042475397680552555,-0.17573723235618044,,-0.12598381736863723,0.005988517095076244,0.043290485024647544,1.3636075483437389,True
Plscr1,-0.12209777421873659,0.055231062495223145,-0.17732883671395974,,-0.04905888614145715,0.007226783653704032,0.04850190371613445,1.314241214857808,True
Hes1,-0.08069725711265725,0.09671854686212579,-0.17741580397478304,,0.011510874181977354,5.161889109959725e-07,6.639553618698312e-05,4.1778611175375095,True
Clk1,-0.15288794041785445,0.02623251722947219,-0.17912045764732665,,-0.09438371145199093,0.00494065335223112,0.037905747236538175,1.421294937686677,True
Rsu1,-0.3470702437284513,-0.16492108431017988,-0.18214915941827142,1.0865873849750896,-0.4266170656513641,0.005978729461434115,0.043290485024647544,1.3636075483437389,True
Havcr2,-0.2317530151169932,-0.048875689146561464,-0.18287732597043174,2.2989814579684156,-0.21811887363934568,0.0004405512103308674,0.006518044411507423,2.1858826847412494,True
Gata1,-0.10209149910169739,0.0817514590007029,-0.18384295810240028,,-0.014747355703803902,0.00046917888918357063,0.006773808593498896,2.1691670793125386,True
Cxxc5,0.1708851205918594,0.3571057731250462,-0.18622065253318681,-1.0623519229363851,0.3379912666743818,0.005484686228263471,0.04082892973893403,1.3890320042202107,True
Zbtb20,-0.298747708215538,-0.11050370351601756,-0.1882440046995204,1.455992549641405,-0.330294158749221,0.00531297814127288,0.0398473360595466,1.3996007074751668,True
Cpne7,-0.003434058063933889,0.1903555967444947,-0.19378965480842858,,0.12890146099550623,0.00015898921916536533,0.0033354381643083634,2.4768471063226234,True
Ptprg,-0.10103356142835293,0.09303321540100967,-0.1940667768293626,,-0.005782603202427516,0.0024461891477588348,0.022933023260239074,1.639538688458462,True
Zcchc11,0.09770097420114843,0.2920446701363303,-0.19434369593518186,-1.5738330410281618,0.25685707126834434,0.0008628452618752736,0.010590925703913191,1.9750660785581284,True
Isg20,-0.038333422257752665,0.1595428262186962,-0.19787624847644886,,0.08488704950763855,2.6922059792272723e-05,0.0010380172226052092,2.983795440687604,True
Mllt3,0.010099856276549175,0.20849948071740604,-0.19839962444085688,-4.235751707183729,0.1496491507601716,0.001978369819371339,0.01945720866519186,1.710919463566936,True
Spc25,0.19164796950280616,0.39139988187578795,-0.1997519123729818,-1.0294832572475203,0.3690743698620887,0.0007303644081999951,0.00928429332457621,2.032251147057946,True
Xrcc5,0.05931397979802928,0.26005601249430554,-0.20074203269627627,-2.1175667079514233,0.21373298103072305,2.9191058548048786e-05,0.001067965556635931,2.971442753678406,True
Sptbn1,0.28147295178163206,0.4823708194438163,-0.20089786766218426,-0.7776266318877345,0.4666760683859507,0.0035763780225820663,0.02996964823392793,1.5233183545171707,True
H2.T23,-0.499766102794784,-0.2970280789424551,-0.20273802385232892,0.7573000938309642,-0.7331165515099963,0.006288941936017079,0.044555375839311614,1.3510998885632177,True
Cd48,-0.18814645999644472,0.0194395426048571,-0.20758600260130183,,-0.12713729953166683,0.0032428924344163382,0.027875866198421247,1.5547716287204703,True
Ttc39b,-0.11687311647266459,0.0911247910226565,-0.2079979074953211,,-0.018694085949784726,0.0015271823558087665,0.015530668025173899,1.8088098634338878,True
Sgce,0.037795354796566163,0.24600658496696506,-0.2082112301703989,-2.6737119123869477,0.19143753996920576,0.0011620996527611884,0.012912218364013205,1.8889991380213167,True
Zfp36l2,-0.22559513876980253,-0.016908532893850744,-0.20868660587595178,3.9126477573906544,-0.18647832469734024,0.0020280914756629557,0.01981848347553377,1.7029295811022913,True
Hlf,-0.00857828550051932,0.20115436769460926,-0.20973265319512857,,0.1326269049275689,5.74664403995455e-05,0.001700807030694026,2.7693449575566036,True
Prkca,-0.07359267682261719,0.13790250726461653,-0.21149518408723372,,0.04565951983882206,0.0031968444147776297,0.02763842433525328,1.5584867196918508,True
Ldhb,0.011976044888127127,0.22519613143320455,-0.21322008654507743,-4.121926421059445,0.1616762927699191,0.00039791390723009884,0.006137037389036919,2.212041230829975,True
Csrp3,-0.08931284337397752,0.12424500611261165,-0.21355784948658918,,0.024980701070474606,8.61012760830949e-08,1.8450273446377477e-05,4.7339971928993485,True
Dach1,-0.17555787106181808,0.039897059201048,-0.21545493026286608,,-0.10133563972387226,0.0004017729105125403,0.006137037389036919,2.212041230829975,True
Itih5,0.15907672738582282,0.37499621819236234,-0.21591949080653952,-1.2351290569569502,0.34145805435607024,0.0005966137885731059,0.008098829709137183,2.0915777326748826,True
Serinc3,0.19274517504343391,0.40966477189899503,-0.21691959685556111,-1.0867664193052848,0.3798482417773762,0.0014360920577610463,0.014959292268344231,1.8250889526763319,True
H2afv,0.08690379858215541,0.32009226332259305,-0.23318846474043764,-1.8722796323367112,0.2672337814155931,0.00014727086183381196,0.003178507809362848,2.497776717202212,True
Phlda3,-0.08170975239331414,0.15339261652047292,-0.23510236891378705,,0.050803170317461024,0.0012055375721739888,0.013151318969170787,1.8810306888238741,True
Itgb3,-0.05641761192680254,0.17985482187770724,-0.23627243380450977,,0.08640144881634326,0.0002684192360810977,0.004821902444570617,2.316781580398475,True
Nt5c3,0.1673670599650424,0.40911195171151216,-0.24174489174646976,-1.2872963506833512,0.3654008401627905,0.003521490150531662,0.029927678333130273,1.523926972642559,True
Arap3,0.01391886419219129,0.2575869845731359,-0.2436681203809446,-4.113970072763765,0.18364902010910406,0.0006760803062019939,0.00893498202029067,2.0489063170807102,True
Cited2,-0.3282602083664018,-0.08252753630153167,-0.24573267206487012,2.0225624157669975,-0.33168817596511124,0.0014676936252683748,0.015179945324613654,1.818729792687004,True
Gmpr,0.042812491265136275,0.28942736363592675,-0.24661487237079047,-2.7313216533186306,0.22171616747575681,0.0026594465089655114,0.024388598557160628,1.6128131548473446,True
Stap1,-0.28328865126663033,-0.03617799457264653,-0.2471106566939838,3.0456585443044037,-0.2510808233732828,6.5945210519920665e-06,0.0003732747765278528,3.427971355867624,True
Tspan13,-0.14080659957369573,0.10641139812279231,-0.24721799769648806,,-0.025026715191693003,0.0012152017320777265,0.013167210482488844,1.8805062220298947,True
Cd200r3,-0.21773867426729115,0.030320411516664862,-0.24805908578395602,,-0.14195394596733577,0.00039049819097551576,0.0061015342339924335,2.214560947681377,True
Kit,0.043240290497284235,0.29642605519236037,-0.25318576469507614,-2.751563394796732,0.2263028051333812,7.932317152909607e-05,0.002089789440789957,2.6798974695395157,True
Egr1,-0.2621735035527277,-0.003382764003442081,-0.25879073954928566,7.560906690707488,-0.205526961474855,0.0028719206463916945,0.02564214862849727,1.5910455868597797,True
Gp9,-0.06767286394282314,0.19443273281491258,-0.2621055967577357,,0.08865714869839782,0.001499242204950404,0.015403173338531547,1.8123897972518397,True
Col18a1,-0.08341560867201048,0.1810818183983434,-0.26449742707035384,,0.06878512792265924,0.00021647185310742605,0.00411022505900176,2.3861343972950873,True
Etnk1,-0.11576433521661768,0.15004421372170543,-0.2658085489383231,,0.02451818045099881,3.924902525831816e-05,0.0012991943054203978,2.8863258916819623,True
Pmepa1,-0.08329476131301047,0.1849606748993098,-0.2682554362123203,,0.07153335287809333,0.0010663092341590037,0.012163223203334642,1.914951323588551,True
X1700097N02Rik,-0.11900205869982028,0.15038513352163307,-0.26938719222145335,,0.022462326306926465,0.0006976003934053783,0.009059745368901017,2.0428840083314905,True
Dapp1,-0.04241375610383812,0.22913071948802424,-0.27154447559186234,,0.12876649795928638,5.1705834296868767e-05,0.001615807321777149,2.7916104282631395,True
Kcnq1ot1,0.6269178346135927,0.8996012171125867,-0.27268338249899393,-0.5217460483512353,0.8182448337732373,0.0031282093093360046,0.027237297603772605,1.564835983910123,True
Rgs18,0.06743903158652638,0.3418072198673247,-0.27436818828079834,-2.327171383674462,0.26858186040686566,0.0012646048771608506,0.013453243374051602,1.8711730011897454,True
Nfkb1,-0.25758365193184896,0.020045221655550532,-0.2776288735873995,,-0.18240819994870913,3.94088939310854e-05,0.0012991943054203978,2.8863258916819623,True
Crip1,-0.38932233421172036,-0.10451420678287894,-0.28480812742884143,1.9211597367571078,-0.4091216505083869,0.00023525910127019704,0.004383709961556467,2.3581581877039963,True
Rbpms,0.057863574447652465,0.3435999050309685,-0.28573633058331604,-2.55186865189653,0.2639138687978073,0.00022615802734837762,0.004267132591478823,2.369863862213819,True
Sept1,0.2559670952519665,0.5426853044762397,-0.28671820922427327,-1.0834297402738249,0.4847323113732409,0.00011308936583475697,0.002683152336371936,2.571354669494442,True
Ptp4a3,0.17674941832132368,0.46699533144873095,-0.2902459131274073,-1.3991366568617511,0.40258289317793905,4.331106647383804e-05,0.0013971311765754205,2.8547628160845613,True
Myh10,-0.0396329641771814,0.2508831501290687,-0.29051611430625013,,0.14486226423709242,0.006299185723773139,0.044555375839311614,1.3510998885632177,True
Sla2,-0.022082219308531263,0.26930041888736367,-0.29138263819589494,,0.16814021359964637,0.0003985209124187822,0.006137037389036919,2.212041230829975,True
Samd14,-0.05171990620132491,0.24142435340155508,-0.29314425960288,,0.13073615688892676,0.006819904174756074,0.04671167242983613,1.3305745832785498,True
Plxdc2,-0.28325926137090346,0.013649109711889295,-0.2969083710827928,,-0.2089028934057078,0.0010502418027307492,0.012117335570819293,1.916592864831558,True
Spint2,0.3345377368667287,0.6461586884945517,-0.311620951627823,-0.9495583657381791,0.5756494488185886,0.0010582473065182181,0.012117335570819293,1.916592864831558,True
Runx3,-0.311783090089557,0.005033461604895247,-0.3168165516944523,,-0.24020468770135142,0.005253928265618575,0.03950322004224492,1.4033675021056704,True
H1fx,0.03619027176454885,0.3536603181224082,-0.31747004635785936,-3.2546752584140535,0.25692042575119195,0.0007176511603413827,0.00924014369538261,2.034321274924212,True
Gimap1,0.2811722744503853,0.6101428356310198,-0.3289705611806345,-1.1169190973265004,0.5317258495545528,0.00616969571863562,0.043964577567474725,1.3568970953933184,True
Sdsl,-0.03858411563965758,0.2976032139337789,-0.3361873295734365,,0.17569646767555144,0.00034244558710188976,0.005613862083637537,2.2507382609304565,True
Meis1,0.07144941019238966,0.4108276530232847,-0.33937824283089507,-2.5090416033272827,0.3116641531068184,0.0004023854134116372,0.006137037389036919,2.212041230829975,True
Npl,-0.05172822017848374,0.2884538221473192,-0.3401820423258029,,0.16138827966018726,5.7663083300507856e-05,0.001700807030694026,2.7693449575566036,True
Tnik,-0.014601430345935248,0.32703811698801516,-0.3416395473339504,,0.20941386590227776,2.1468306393928802e-07,3.2066876418085946e-05,4.493943341925528,True
Tspan32,-0.06926974127012621,0.27367496570884764,-0.34294470697897383,,0.14038945147326812,0.00013936066514861278,0.0030841470773660977,2.510864919413089,True
Nedd4,0.608449044052791,0.9578267470973576,-0.3493777030445666,-0.6550957095464982,0.8344182753519993,3.7530615829945376e-05,0.0012650769380880464,2.8978830612304525,True
Cd63,-0.93258493153695,-0.5639368341849961,-0.3686480973519539,0.7291663382077114,-1.9899986840393211,0.006778727553349015,0.04653588709392917,1.3322120029002296,True
Rab27b,-0.13265858816033943,0.23866061413986345,-0.3713192023002029,,0.07450682424074587,1.217524595879909e-06,0.00012595082026343885,3.8997989997837705,True
Elane,1.219138245942072,1.5924428441941783,-0.37330459825210616,-0.38592149577764234,1.2665110428691728,2.5951277895025177e-05,0.001024392548487836,2.9895335892844206,True
Podxl,-0.08019743674022882,0.30043670990215465,-0.3806341466423835,,0.1507151628828642,0.00010169389897337652,0.0025423474743344133,2.5947650926989865,True
Tcrg.C1,-0.011187933245144553,0.3715046653600556,-0.38269259860520016,,0.23898046856638241,0.00025771411596937156,0.0046857111994431195,2.3292244823530917,True
Ptprcap,0.5153997329978927,0.9096555054884551,-0.39425577249056243,-0.8197966881158999,0.7761272557075255,0.00028511303601378617,0.005031406517890345,2.298310591967798,True
Hemgn,-0.03799689440695981,0.36112123813595104,-0.39911813254291084,,0.21606637553295657,1.269422215767473e-07,2.538844431534946e-05,4.595363909837521,True
Slc18a2,-0.1546560432538204,0.2445387937358044,-0.39919483698962477,,0.0634220044864485,0.00041377038861033807,0.006222302533689088,2.2060488769435493,True
Tuba8,0.08177251870217236,0.4936314216496723,-0.41185890294749994,-2.58077275977832,0.3647987301747661,5.518721040905596e-05,0.0016894044002772235,2.7722663789744773,True
Alox5,-0.3120331847326165,0.10135565577343017,-0.41338884050604663,,-0.1605865872064111,1.4387095971116714e-05,0.0006850998081484149,3.1642461540980396,True
Homer2,-0.0632938694927884,0.3566874474874642,-0.41998131698025265,,0.19748396254891062,0.0022476842975847583,0.02133877497707049,1.6708305163065538,True
Igfbp7,0.04680486759513364,0.482617567739335,-0.43581270014420137,-3.339417064952379,0.3388079996219456,0.006675411631935114,0.04641330821589753,1.3333574751339856,True
Rab38,0.3000174673053985,0.74906006931148,-0.4490426020060814,-1.3187314510329409,0.6083728378748343,0.003562583574927313,0.029937677100229522,1.5237819001081698,True
Fgf3,-0.1141818770439573,0.33505920193538025,-0.4492410789793375,,0.15112970460992126,8.995186337861488e-06,0.0004645581843919279,3.332959884301467,True
Gp5,-0.13639036232762575,0.31427010551501583,-0.4506604678426416,,0.12292429441430716,0.00021419679006926684,0.0040929322943172005,2.3879654394367327,True
Hmga2,-0.04032068795144047,0.41755778075922234,-0.4578784687106628,,0.2492857970793416,9.11350980775415e-05,0.0023169940189205467,2.6350750872946835,True
Nrgn,-0.12802353334988015,0.34027925783917723,-0.4683027911890574,,0.1455181627554628,5.966056110113514e-07,6.883910896284823e-05,4.162164759713196,True
X4930519L02Rik,0.3304112755475567,0.7998019887404667,-0.46939071319291,-1.2743057284134471,0.6462609526369324,3.977736988045009e-06,0.0002538981056198942,3.5953405394645834,True
Adgrg1,0.3778238698253935,0.8587128727700365,-0.480889002944643,-1.1837269715423557,0.6944508820781744,0.00033773191019389695,0.005597766467302159,2.251985223782967,True
Ikzf2,-0.0537438663638547,0.4300669161480526,-0.4838107825119073,,0.24873097698072927,7.76097017884644e-05,0.002084662638765344,2.6809642169382717,True
Tespa1,0.12114883704303966,0.6281091106303183,-0.5069602735872786,-2.3661000548241113,0.45904227330074077,3.1580270955551774e-06,0.00021532002924239845,3.666915569875245,True
Angpt1,-0.03868598453497684,0.5069737565505971,-0.5456597410855739,,0.30351060480224246,8.692007994516252e-06,0.0004574741049745396,3.339633483859715,True
Itga2b,-0.1503070060181112,0.40981194156863376,-0.560118947586745,,0.17600670836385607,7.030326943460379e-05,0.0019844861695764967,2.7023519234625573,True
Myct1,-0.00615697047597035,0.5620285552211539,-0.5681855256971242,,0.35381535244087264,0.00037375766652407845,0.006028349460065781,2.219801579818063,True
F2r,-0.17765981143224008,0.4615553431065379,-0.639215154538778,,0.1914966614790663,0.00442722483112359,0.034860038040343225,1.4576721433103017,True
H2.Ab1,-2.567372725529562,-1.897701872088624,-0.6696708534409379,0.43695760211985596,,0.0011566365220112805,0.012899292067040302,1.8894341237948984,True
Vamp5,0.2862119822680119,1.0102505008296203,-0.7240385185616084,-1.817012067265449,0.7209186622009564,2.432474676830602e-07,3.317010922950821e-05,4.479253098342002,True
Gzmb,-0.41785245554645384,0.3285627495785099,-0.7464152051249637,,-0.06589094960062249,0.0067541289597261665,0.04651092915197191,1.3324449844716357,True
Akr1c12,-0.16307889661074415,0.5960124414631135,-0.7590913380738576,,0.28269691385574447,0.00019183039428880114,0.003811199886532473,2.418938273127187,True
Gata2,-0.15963809592089565,0.7202048719703822,-0.8798429678912778,,0.3564631830740204,2.199991223074395e-06,0.00019411687262421132,3.711936714126733,True
Hbb.bt,-0.24723423226865007,0.934023302327362,-1.1812575345960121,,0.4258830651080593,1.609060994642302e-05,0.0007426435359887548,3.1292195947200616,True
